{
    "applicationName": "Gait_Lab_Video_Renaming_Tool",
    "applicationVersion": 1.5,
    "pathToInstallationBATFileProduction": "A:\\Code_repository\\Matlab_Python_Code\\Validated\\25_Gait_Lab_Video_Renaming_Tool\\INSTALLATION.bat",
    "pathToInstallationBATFileTest": "C:\\Users\\arthu\\Documents\\GitHub\\Gait_Lab_Video_Renaming_Tool\\helpers\\installation_file_TEST.bat",
    "applicationLaunchScript" : "scrpt.__main__",
    "updateDate": "2022/09/22 12:00:00",
    "author": "Tim Arthur"
}